{
  "泡泡": {
    "type": "image",
    "container": [
      { "icon": "<img src=\"/assets/images/owo/paopao/E591B5E591B5_2x.png\">", "text": "::(呵呵)" },
      { "icon": "<img src=\"/assets/images/owo/paopao/E59388E59388_2x.png\">", "text": "::(哈哈)" },
      { "icon": "<img src=\"/assets/images/owo/paopao/E59090E8888C_2x.png\">", "text": "::(吐舌)" },
      { "icon": "<img src=\"/assets/images/owo/paopao/E5A4AAE5BC80E5BF83_2x.png\">", "text": "::(太开心)" },
      { "icon": "<img src=\"/assets/images/owo/paopao/E7AC91E79CBC_2x.png\">", "text": "::(笑眼)" },
      { "icon": "<img src=\"/assets/images/owo/paopao/E88AB1E5BF83_2x.png\">", "text": "::(花心)" },
      { "icon": "<img src=\"/assets/images/owo/paopao/E5B08FE4B996_2x.png\">", "text": "::(小乖)" },
      { "icon": "<img src=\"/assets/images/owo/paopao/E4B996_2x.png\">", "text": "::(乖)" },
      { "icon": "<img src=\"/assets/images/owo/paopao/E68D82E598B4E7AC91_2x.png\">", "text": "::(捂嘴笑)" },
      { "icon": "<img src=\"/assets/images/owo/paopao/E6BB91E7A8BD_2x.png\">", "text": "::(滑稽)" },
      { "icon": "<img src=\"/assets/images/owo/paopao/E4BDA0E68782E79A84_2x.png\">", "text": "::(你懂的)" },
      { "icon": "<img src=\"/assets/images/owo/paopao/E4B88DE9AB98E585B4_2x.png\">", "text": "::(不高兴)" },
      { "icon": "<img src=\"/assets/images/owo/paopao/E68092_2x.png\">", "text": "::(怒)" },
      { "icon": "<img src=\"/assets/images/owo/paopao/E6B197_2x.png\">", "text": "::(汗)" },
      { "icon": "<img src=\"/assets/images/owo/paopao/E9BB91E7BABF_2x.png\">", "text": "::(黑线)" },
      { "icon": "<img src=\"/assets/images/owo/paopao/E6B3AA_2x.png\">", "text": "::(泪)" },
      { "icon": "<img src=\"/assets/images/owo/paopao/E79C9FE6A392_2x.png\">", "text": "::(真棒)" },
      { "icon": "<img src=\"/assets/images/owo/paopao/E596B7_2x.png\">", "text": "::(喷)" },
      { "icon": "<img src=\"/assets/images/owo/paopao/E6838AE593AD_2x.png\">", "text": "::(惊哭)" },
      { "icon": "<img src=\"/assets/images/owo/paopao/E998B4E999A9_2x.png\">", "text": "::(阴险)" },
      { "icon": "<img src=\"/assets/images/owo/paopao/E98499E8A786_2x.png\">", "text": "::(鄙视)" },
      { "icon": "<img src=\"/assets/images/owo/paopao/E985B7_2x.png\">", "text": "::(酷)" },
      { "icon": "<img src=\"/assets/images/owo/paopao/E5958A_2x.png\">", "text": "::(啊)" },
      { "icon": "<img src=\"/assets/images/owo/paopao/E78B82E6B197_2x.png\">", "text": "::(狂汗)" },
      { "icon": "<img src=\"/assets/images/owo/paopao/what_2x.png\">", "text": "::(what)" },
      { "icon": "<img src=\"/assets/images/owo/paopao/E79691E997AE_2x.png\">", "text": "::(疑问)" },
      { "icon": "<img src=\"/assets/images/owo/paopao/E985B8E788BD_2x.png\">", "text": "::(酸爽)" },
      { "icon": "<img src=\"/assets/images/owo/paopao/E59180E592A9E788B9_2x.png\">", "text": "::(呀咩爹)" },
      { "icon": "<img src=\"/assets/images/owo/paopao/E5A794E5B188_2x.png\">", "text": "::(委屈)" },
      { "icon": "<img src=\"/assets/images/owo/paopao/E6838AE8AEB6_2x.png\">", "text": "::(惊讶)" },
      { "icon": "<img src=\"/assets/images/owo/paopao/E79DA1E8A789_2x.png\">", "text": "::(睡觉)" },
      { "icon": "<img src=\"/assets/images/owo/paopao/E7AC91E5B0BF_2x.png\">", "text": "::(笑尿)" },
      { "icon": "<img src=\"/assets/images/owo/paopao/E68C96E9BCBB_2x.png\">", "text": "::(挖鼻)" },
      { "icon": "<img src=\"/assets/images/owo/paopao/E59090_2x.png\">", "text": "::(吐)" },
      { "icon": "<img src=\"/assets/images/owo/paopao/E78A80E588A9_2x.png\">", "text": "::(犀利)" },
      { "icon": "<img src=\"/assets/images/owo/paopao/E5B08FE7BAA2E884B8_2x.png\">", "text": "::(小红脸)" },
      { "icon": "<img src=\"/assets/images/owo/paopao/E68792E5BE97E79086_2x.png\">", "text": "::(懒得理)" },
      { "icon": "<img src=\"/assets/images/owo/paopao/E58B89E5BCBA_2x.png\">", "text": "::(勉强)" },
      { "icon": "<img src=\"/assets/images/owo/paopao/E788B1E5BF83_2x.png\">", "text": "::(爱心)" },
      { "icon": "<img src=\"/assets/images/owo/paopao/E5BF83E7A28E_2x.png\">", "text": "::(心碎)" },
      { "icon": "<img src=\"/assets/images/owo/paopao/E78EABE791B0_2x.png\">", "text": "::(玫瑰)" },
      { "icon": "<img src=\"/assets/images/owo/paopao/E7A4BCE789A9_2x.png\">", "text": "::(礼物)" },
      { "icon": "<img src=\"/assets/images/owo/paopao/E5BDA9E899B9_2x.png\">", "text": "::(彩虹)" },
      { "icon": "<img src=\"/assets/images/owo/paopao/E5A4AAE998B3_2x.png\">", "text": "::(太阳)" },
      { "icon": "<img src=\"/assets/images/owo/paopao/E6989FE6989FE69C88E4BAAE_2x.png\">", "text": "::(星星月亮)" },
      { "icon": "<img src=\"/assets/images/owo/paopao/E992B1E5B881_2x.png\">", "text": "::(钱币)" },
      { "icon": "<img src=\"/assets/images/owo/paopao/E88CB6E69DAF_2x.png\">", "text": "::(茶杯)" },
      { "icon": "<img src=\"/assets/images/owo/paopao/E89B8BE7B395_2x.png\">", "text": "::(蛋糕)" },
      { "icon": "<img src=\"/assets/images/owo/paopao/E5A4A7E68B87E68C87_2x.png\">", "text": "::(大拇指)" },
      { "icon": "<img src=\"/assets/images/owo/paopao/E8839CE588A9_2x.png\">", "text": "::(胜利)" },
      { "icon": "<img src=\"/assets/images/owo/paopao/haha_2x.png\">", "text": "::(haha)" },
      { "icon": "<img src=\"/assets/images/owo/paopao/OK_2x.png\">", "text": "::(OK)" },
      { "icon": "<img src=\"/assets/images/owo/paopao/E6B299E58F91_2x.png\">", "text": "::(沙发)" },
      { "icon": "<img src=\"/assets/images/owo/paopao/E6898BE7BAB8_2x.png\">", "text": "::(手纸)" },
      { "icon": "<img src=\"/assets/images/owo/paopao/E9A699E89589_2x.png\">", "text": "::(香蕉)" },
      { "icon": "<img src=\"/assets/images/owo/paopao/E4BEBFE4BEBF_2x.png\">", "text": "::(便便)" },
      { "icon": "<img src=\"/assets/images/owo/paopao/E88DAFE4B8B8_2x.png\">", "text": "::(药丸)" },
      { "icon": "<img src=\"/assets/images/owo/paopao/E7BAA2E9A286E5B7BE_2x.png\">", "text": "::(红领巾)" },
      { "icon": "<img src=\"/assets/images/owo/paopao/E89CA1E7839B_2x.png\">", "text": "::(蜡烛)" },
      { "icon": "<img src=\"/assets/images/owo/paopao/E99FB3E4B990_2x.png\">", "text": "::(音乐)" },
      { "icon": "<img src=\"/assets/images/owo/paopao/E781AFE6B3A1_2x.png\">", "text": "::(灯泡)" },
      { "icon": "<img src=\"/assets/images/owo/paopao/E5BC80E5BF83_2x.png\">", "text": "::(开心)" },
      { "icon": "<img src=\"/assets/images/owo/paopao/E992B1_2x.png\">", "text": "::(钱)" },
      { "icon": "<img src=\"/assets/images/owo/paopao/E592A6_2x.png\">", "text": "::(咦)" },
      { "icon": "<img src=\"/assets/images/owo/paopao/E591BC_2x.png\">", "text": "::(呼)" },
      { "icon": "<img src=\"/assets/images/owo/paopao/E586B7_2x.png\">", "text": "::(冷)" },
      { "icon": "<img src=\"/assets/images/owo/paopao/E7949FE6B094_2x.png\">", "text": "::(生气)" },
      { "icon": "<img src=\"/assets/images/owo/paopao/E5BCB1_2x.png\">", "text": "::(弱)" },
      { "icon": "<img src=\"/assets/images/owo/paopao/E78B97E5A4B4_2x.png\">", "text": "::(狗头)" }
    ]
  },
  "阿鲁": {
    "type": "image",
    "container": [
      { "icon": "<img src=\"/assets/images/owo/aru/E9AB98E585B4_2x.png\">", "text": ":@(高兴)" },
      { "icon": "<img src=\"/assets/images/owo/aru/E5B08FE68092_2x.png\">", "text": ":@(小怒)" },
      { "icon": "<img src=\"/assets/images/owo/aru/E884B8E7BAA2_2x.png\">", "text": ":@(脸红)" },
      { "icon": "<img src=\"/assets/images/owo/aru/E58685E4BCA4_2x.png\">", "text": ":@(内伤)" },
      { "icon": "<img src=\"/assets/images/owo/aru/E8A385E5A4A7E6ACBE_2x.png\">", "text": ":@(装大款)" },
      { "icon": "<img src=\"/assets/images/owo/aru/E8B59EE4B880E4B8AA_2x.png\">", "text": ":@(赞一个)" },
      { "icon": "<img src=\"/assets/images/owo/aru/E5AEB3E7BE9E_2x.png\">", "text": ":@(害羞)" },
      { "icon": "<img src=\"/assets/images/owo/aru/E6B197_2x.png\">", "text": ":@(汗)" },
      { "icon": "<img src=\"/assets/images/owo/aru/E59090E8A180E58092E59CB0_2x.png\">", "text": ":@(吐血倒地)" },
      { "icon": "<img src=\"/assets/images/owo/aru/E6B7B1E6809D_2x.png\">", "text": ":@(深思)" },
      { "icon": "<img src=\"/assets/images/owo/aru/E4B88DE9AB98E585B4_2x.png\">", "text": ":@(不高兴)" },
      { "icon": "<img src=\"/assets/images/owo/aru/E697A0E8AFAD_2x.png\">", "text": ":@(无语)" },
      { "icon": "<img src=\"/assets/images/owo/aru/E4BAB2E4BAB2_2x.png\">", "text": ":@(亲亲)" },
      { "icon": "<img src=\"/assets/images/owo/aru/E58FA3E6B0B4_2x.png\">", "text": ":@(口水)" },
      { "icon": "<img src=\"/assets/images/owo/aru/E5B0B4E5B0AC_2x.png\">", "text": ":@(尴尬)" },
      { "icon": "<img src=\"/assets/images/owo/aru/E4B8ADE68C87_2x.png\">", "text": ":@(中指)" },
      { "icon": "<img src=\"/assets/images/owo/aru/E683B3E4B880E683B3_2x.png\">", "text": ":@(想一想)" },
      { "icon": "<img src=\"/assets/images/owo/aru/E593ADE6B3A3_2x.png\">", "text": ":@(哭泣)" },
      { "icon": "<img src=\"/assets/images/owo/aru/E4BEBFE4BEBF_2x.png\">", "text": ":@(便便)" },
      { "icon": "<img src=\"/assets/images/owo/aru/E78CAEE88AB1_2x.png\">", "text": ":@(献花)" },
      { "icon": "<img src=\"/assets/images/owo/aru/E79AB1E79C89_2x.png\">", "text": ":@(皱眉)" },
      { "icon": "<img src=\"/assets/images/owo/aru/E582BBE7AC91_2x.png\">", "text": ":@(傻笑)" },
      { "icon": "<img src=\"/assets/images/owo/aru/E78B82E6B197_2x.png\">", "text": ":@(狂汗)" },
      { "icon": "<img src=\"/assets/images/owo/aru/E59090_2x.png\">", "text": ":@(吐)" },
      { "icon": "<img src=\"/assets/images/owo/aru/E596B7E6B0B4_2x.png\">", "text": ":@(喷水)" },
      { "icon": "<img src=\"/assets/images/owo/aru/E79C8BE4B88DE8A781_2x.png\">", "text": ":@(看不见)" },
      { "icon": "<img src=\"/assets/images/owo/aru/E9BC93E68E8C_2x.png\">", "text": ":@(鼓掌)" },
      { "icon": "<img src=\"/assets/images/owo/aru/E998B4E69A97_2x.png\">", "text": ":@(阴暗)" },
      { "icon": "<img src=\"/assets/images/owo/aru/E995BFE88D89_2x.png\">", "text": ":@(长草)" },
      { "icon": "<img src=\"/assets/images/owo/aru/E78CAEE9BB84E7939C_2x.png\">", "text": ":@(献黄瓜)" },
      { "icon": "<img src=\"/assets/images/owo/aru/E982AAE681B6_2x.png\">", "text": ":@(邪恶)" },
      { "icon": "<img src=\"/assets/images/owo/aru/E69C9FE5BE85_2x.png\">", "text": ":@(期待)" },
      { "icon": "<img src=\"/assets/images/owo/aru/E5BE97E6848F_2x.png\">", "text": ":@(得意)" },
      { "icon": "<img src=\"/assets/images/owo/aru/E59090E8888C_2x.png\">", "text": ":@(吐舌)" },
      { "icon": "<img src=\"/assets/images/owo/aru/E596B7E8A180_2x.png\">", "text": ":@(喷血)" },
      { "icon": "<img src=\"/assets/images/owo/aru/E697A0E68980E8B093_2x.png\">", "text": ":@(无所谓)" },
      { "icon": "<img src=\"/assets/images/owo/aru/E8A782E5AF9F_2x.png\">", "text": "观察" },
      { "icon": "<img src=\"/assets/images/owo/aru/E69A97E59CB0E8A782E5AF9F_2x.png\">", "text": ":@(暗地观察)" },
      { "icon": "<img src=\"/assets/images/owo/aru/E882BFE58C85_2x.png\">", "text": ":@(肿包)" },
      { "icon": "<img src=\"/assets/images/owo/aru/E4B8ADE69EAA_2x.png\">", "text": ":@(中枪)" },
      { "icon": "<img src=\"/assets/images/owo/aru/E5A4A7E59BA7_2x.png\">", "text": ":@(大囧)" },
      { "icon": "<img src=\"/assets/images/owo/aru/E591B2E78999_2x.png\">", "text": ":@(呲牙)" },
      { "icon": "<img src=\"/assets/images/owo/aru/E68AA0E9BCBB_2x.png\">", "text": ":@(抠鼻)" },
      { "icon": "<img src=\"/assets/images/owo/aru/E4B88DE8AFB4E8AF9D_2x.png\">", "text": ":@(不说话)" },
      { "icon": "<img src=\"/assets/images/owo/aru/E592BDE6B094_2x.png\">", "text": ":@(咽气)" },
      { "icon": "<img src=\"/assets/images/owo/aru/E6ACA2E591BC_2x.png\">", "text": ":@(欢呼)" },
      { "icon": "<img src=\"/assets/images/owo/aru/E99481E79C89_2x.png\">", "text": ":@(锁眉)" },
      { "icon": "<img src=\"/assets/images/owo/aru/E89CA1E7839B_2x.png\">", "text": ":@(蜡烛)" },
      { "icon": "<img src=\"/assets/images/owo/aru/E59D90E7AD89_2x.png\">", "text": ":@(坐等)" },
      { "icon": "<img src=\"/assets/images/owo/aru/E587BBE68E8C_2x.png\">", "text": ":@(击掌)" },
      { "icon": "<img src=\"/assets/images/owo/aru/E6838AE5969C_2x.png\">", "text": ":@(惊喜)" },
      { "icon": "<img src=\"/assets/images/owo/aru/E5969CE69E81E8808CE6B3A3_2x.png\">", "text": ":@(喜极而泣)" },
      { "icon": "<img src=\"/assets/images/owo/aru/E68ABDE7839F_2x.png\">", "text": ":@(抽烟)" },
      { "icon": "<img src=\"/assets/images/owo/aru/E4B88DE587BAE68980E69699_2x.png\">", "text": ":@(不出所料)" },
      { "icon": "<img src=\"/assets/images/owo/aru/E684A4E68092_2x.png\">", "text": ":@(愤怒)" },
      { "icon": "<img src=\"/assets/images/owo/aru/E697A0E5A588_2x.png\">", "text": ":@(无奈)" },
      { "icon": "<img src=\"/assets/images/owo/aru/E9BB91E7BABF_2x.png\">", "text": ":@(黑线)" },
      { "icon": "<img src=\"/assets/images/owo/aru/E68A95E9998D_2x.png\">", "text": ":@(投降)" },
      { "icon": "<img src=\"/assets/images/owo/aru/E79C8BE783ADE997B9_2x.png\">", "text": ":@(看热闹)" },
      { "icon": "<img src=\"/assets/images/owo/aru/E68987E880B3E58589_2x.png\">", "text": ":@(扇耳光)" },
      { "icon": "<img src=\"/assets/images/owo/aru/E5B08FE79CBCE79D9B_2x.png\">", "text": ":@(小眼睛)" },
      { "icon": "<img src=\"/assets/images/owo/aru/E4B8ADE58880_2x.png\">", "text": ":@(中刀)" }
    ]
  },
  "Bilibili": {
    "type": "image",
    "container": [
      { "icon": "<img src=\"/assets/images/owo/bilibili/6ea59c827c414b4a2955fe79e0f6fd3dcd515e24.png\">", "text": "tv_doge" },
      { "icon": "<img src=\"/assets/images/owo/bilibili/a8111ad55953ef5e3be3327ef94eb4a39d535d06.png\">", "text": "tv_亲亲" },
      { "icon": "<img src=\"/assets/images/owo/bilibili/bb690d4107620f1c15cff29509db529a73aee261.png\">", "text": "tv_偷笑" },
      { "icon": "<img src=\"/assets/images/owo/bilibili/180129b8ea851044ce71caf55cc8ce44bd4a4fc8.png\">", "text": "tv_再见" },
      { "icon": "<img src=\"/assets/images/owo/bilibili/b9cbc755c2b3ee43be07ca13de84e5b699a3f101.png\">", "text": "tv_冷漠" },
      { "icon": "<img src=\"/assets/images/owo/bilibili/34ba3cd204d5b05fec70ce08fa9fa0dd612409ff.png\">", "text": "tv_发怒" },
      { "icon": "<img src=\"/assets/images/owo/bilibili/34db290afd2963723c6eb3c4560667db7253a21a.png\">", "text": "tv_发财" },
      { "icon": "<img src=\"/assets/images/owo/bilibili/9e55fd9b500ac4b96613539f1ce2f9499e314ed9.png\">", "text": "tv_可爱" },
      { "icon": "<img src=\"/assets/images/owo/bilibili/09dd16a7aa59b77baa1155d47484409624470c77.png\">", "text": "tv_吐血" },
      { "icon": "<img src=\"/assets/images/owo/bilibili/fe1179ebaa191569b0d31cecafe7a2cd1c951c9d.png\">", "text": "tv_呆" },
      { "icon": "<img src=\"/assets/images/owo/bilibili/9f996894a39e282ccf5e66856af49483f81870f3.png\">", "text": "tv_呕吐" },
      { "icon": "<img src=\"/assets/images/owo/bilibili/241ee304e44c0af029adceb294399391e4737ef2.png\">", "text": "tv_困" },
      { "icon": "<img src=\"/assets/images/owo/bilibili/1f0b87f731a671079842116e0991c91c2c88645a.png\">", "text": "tv_坏笑" },
      { "icon": "<img src=\"/assets/images/owo/bilibili/093c1e2c490161aca397afc45573c877cdead616.png\">", "text": "tv_大佬" },
      { "icon": "<img src=\"/assets/images/owo/bilibili/23269aeb35f99daee28dda129676f6e9ea87934f.png\">", "text": "tv_大哭" },
      { "icon": "<img src=\"/assets/images/owo/bilibili/d04dba7b5465779e9755d2ab6f0a897b9b33bb77.png\">", "text": "tv_委屈" },
      { "icon": "<img src=\"/assets/images/owo/bilibili/a37683fb5642fa3ddfc7f4e5525fd13e42a2bdb1.png\">", "text": "tv_害羞" },
      { "icon": "<img src=\"/assets/images/owo/bilibili/7cfa62dafc59798a3d3fb262d421eeeff166cfa4.png\">", "text": "tv_尴尬" },
      { "icon": "<img src=\"/assets/images/owo/bilibili/70dc5c7b56f93eb61bddba11e28fb1d18fddcd4c.png\">", "text": "tv_微笑" },
      { "icon": "<img src=\"/assets/images/owo/bilibili/90cf159733e558137ed20aa04d09964436f618a1.png\">", "text": "tv_思考" },
      { "icon": "<img src=\"/assets/images/owo/bilibili/0d15c7e2ee58e935adc6a7193ee042388adc22af.png\">", "text": "tv_惊吓" }
    ]
  },
  "Emoji": {
    "type": "emoji",
    "container": [
      { "icon": "🌹", "text": "" },
      { "icon": "❤️", "text": "" },
      { "icon": "😂", "text": "" },
      { "icon": "😀", "text": "" },
      { "icon": "😅", "text": "" },
      { "icon": "😊", "text": "" },
      { "icon": "🙂", "text": "" },
      { "icon": "🙃", "text": "" },
      { "icon": "😌", "text": "" },
      { "icon": "😍", "text": "" },
      { "icon": "😘 ", "text": "" },
      { "icon": "😜", "text": "" },
      { "icon": "😝", "text": "" },
      { "icon": "😏", "text": "" },
      { "icon": "😒", "text": "" },
      { "icon": "🙄", "text": "" },
      { "icon": "😳 ", "text": "" },
      { "icon": "😡", "text": "" },
      { "icon": "😔", "text": "" },
      { "icon": "😫", "text": "" },
      { "icon": "😱", "text": "" },
      { "icon": "😭", "text": "" },
      { "icon": "💩", "text": "" },
      { "icon": "👻", "text": "" },
      { "icon": "🙌", "text": "" },
      { "icon": "🖕", "text": "" },
      { "icon": "👍", "text": "" },
      { "icon": "👫", "text": "" },
      { "icon": "👬", "text": "" },
      { "icon": "👭", "text": "" },
      { "icon": "🌚", "text": "" },
      { "icon": "🌝", "text": "" },
      { "icon": "🙈", "text": "" },
      { "icon": "💊", "text": "" },
      { "icon": "😶", "text": "" },
      { "icon": "🙏", "text": "" },
      { "icon": "🍦", "text": "" },
      { "icon": "🍉", "text": "" },
      { "icon": "😣", "text": "" }
    ]
  },
  "颜文字": {
    "type": "emoticon",
    "container": [
      { "icon": "|´・ω・)ノ", "text": "|´・ω・)ノ" },
      { "icon": "ヾ(≧∇≦*)ゝ", "text": "ヾ(≧∇≦*)ゝ" },
      { "icon": "(☆ω☆)", "text": "(☆ω☆)" },
      { "icon": "（╯‵□′）╯︵┴─┴", "text": "（╯‵□′）╯︵┴─┴" },
      { "icon": "￣﹃￣", "text": "￣﹃￣" },
      { "icon": "(/ω＼)", "text": "(/ω＼)" },
      { "icon": "∠( ᐛ 」∠)＿", "text": "∠( ᐛ 」∠)＿" },
      { "icon": "(๑•̀ㅁ•́ฅ)", "text": "(๑•̀ㅁ•́ฅ)" },
      { "icon": "→_→", "text": "→_→" },
      { "icon": "୧(๑•̀⌄•́๑)૭", "text": "୧(๑•̀⌄•́๑)૭" },
      { "icon": "٩(ˊᗜˋ*)و", "text": "٩(ˊᗜˋ*)و" },
      { "icon": "(ノ°ο°)ノ", "text": "(ノ°ο°)ノ" },
      { "icon": "(´இ皿இ｀)", "text": "(´இ皿இ｀)" },
      { "icon": "⌇●﹏●⌇", "text": "⌇●﹏●⌇" },
      { "icon": "(ฅ´ω`ฅ)", "text": "(ฅ´ω`ฅ)" },
      { "icon": "(╯°A°)╯︵○○○", "text": "(╯°A°)╯︵○○○" },
      { "icon": "φ(￣∇￣o)", "text": "φ(￣∇￣o)" },
      { "icon": "ヾ(´･ ･｀｡)ノ\"", "text": "ヾ(´･ ･｀｡)ノ\"" },
      { "icon": "( ง ᵒ̌皿ᵒ̌)ง⁼³₌₃", "text": "( ง ᵒ̌皿ᵒ̌)ง⁼³₌₃" },
      { "icon": "(ó﹏ò｡)", "text": "(ó﹏ò｡)" },
      { "icon": "Σ(っ °Д °;)っ", "text": "Σ(っ °Д °;)っ" },
      { "icon": "( ,,´･ω･)ﾉ\"(´っω･｀｡)", "text": "( ,,´･ω･)ﾉ\"(´っω･｀｡)" },
      { "icon": "╮(╯▽╰)╭ ", "text": "╮(╯▽╰)╭ " },
      { "icon": "o(*////▽////*)q ", "text": "o(*////▽////*)q " },
      { "icon": "＞﹏＜", "text": "＞﹏＜" },
      { "icon": "( ๑´•ω•) \"(ㆆᴗㆆ)", "text": "( ๑´•ω•) \"(ㆆᴗㆆ)" },
      { "icon": "(｡•ˇ‸ˇ•｡)", "text": "(｡•ˇ‸ˇ•｡)" }
    ]
  }
}
